Borough,Neighborhood,ZipCode
Bronx,Central Bronx,10453
Bronx,Central Bronx,10457
Bronx,Central Bronx,10460
Bronx,Bronx Park and Fordham,10458
Bronx,Bronx Park and Fordham,10467
Bronx,Bronx Park and Fordham,10468
Bronx,High Bridge and Morrisania,10451
Bronx,High Bridge and Morrisania,10452
Bronx,High Bridge and Morrisania,10456
Bronx,Hunts Point and Mott Haven,10454
Bronx,Hunts Point and Mott Haven,10455
Bronx,Hunts Point and Mott Haven,10459
Bronx,Hunts Point and Mott Haven,10474
Bronx,Kingsbridge and Riverdale,10463
Bronx,Kingsbridge and Riverdale,10471
Bronx,Northeast Bronx,10466
Bronx,Northeast Bronx,10469
Bronx,Northeast Bronx,10470
Bronx,Northeast Bronx,10475
Bronx,Southeast Bronx,10461
Bronx,Southeast Bronx,10462
Bronx,Southeast Bronx,10464
Bronx,Southeast Bronx,10465
Bronx,Southeast Bronx,10472
Bronx,Southeast Bronx,10473
Bronx,Central Brooklyn,11212
Bronx,Central Brooklyn,11213
Bronx,Central Brooklyn,11216
Bronx,Central Brooklyn,11233
Bronx,Central Brooklyn,11238
Bronx,Southwest Brooklyn,11209
Bronx,Southwest Brooklyn,11214
Bronx,Southwest Brooklyn,11228
Bronx,Borough Park,11204
Bronx,Borough Park,11218
Bronx,Borough Park,11219
Bronx,Borough Park,11230
Bronx,Canarsie and Flatlands,11234
Bronx,Canarsie and Flatlands,11236
Bronx,Canarsie and Flatlands,11239
Bronx,Southern Brooklyn,11223
Bronx,Southern Brooklyn,11224
Bronx,Southern Brooklyn,11229
Bronx,Southern Brooklyn,11235
Bronx,Northwest Brooklyn,11201
Bronx,Northwest Brooklyn,11205
Bronx,Northwest Brooklyn,11215
Bronx,Northwest Brooklyn,11217
Bronx,Northwest Brooklyn,11231
Bronx,Flatbush,11203
Bronx,Flatbush,11210
Bronx,Flatbush,11225
Bronx,Flatbush,11226
Bronx,East New York and New Lots,11207
Bronx,East New York and New Lots,11208
Bronx,Greenpoint,11211
Bronx,Greenpoint,11222
Bronx,Sunset Park,11220
Bronx,Sunset Park,11232
Bronx,Bushwick and Williamsburg,11206
Bronx,Bushwick and Williamsburg,11221
Bronx,Bushwick and Williamsburg,11237
Bronx,Central Harlem,10026
Bronx,Central Harlem,10027
Bronx,Central Harlem,10030
Bronx,Central Harlem,10037
Bronx,Central Harlem,10039
Bronx,Chelsea and Clinton,10001
Bronx,Chelsea and Clinton,10011
Bronx,Chelsea and Clinton,10018
Bronx,Chelsea and Clinton,10019
Bronx,Chelsea and Clinton,10020
Bronx,Chelsea and Clinton,10036
Bronx,East Harlem,10029
Bronx,East Harlem,10035
Bronx,Gramercy Park and Murray Hill,10010
Bronx,Gramercy Park and Murray Hill,10016
Bronx,Gramercy Park and Murray Hill,10017
Bronx,Gramercy Park and Murray Hill,10022
Bronx,Greenwich Village and Soho,10012
Bronx,Greenwich Village and Soho,10013
Bronx,Greenwich Village and Soho,10014
Bronx,Lower Manhattan,10004
Bronx,Lower Manhattan,10005
Bronx,Lower Manhattan,10006
Bronx,Lower Manhattan,10007
Bronx,Lower Manhattan,10038
Bronx,Lower Manhattan,10280
Bronx,Lower East Side,10002
Bronx,Lower East Side,10003
Bronx,Lower East Side,10009
Bronx,Upper East Side,10021
Bronx,Upper East Side,10028
Bronx,Upper East Side,10044
Bronx,Upper East Side,10065
Bronx,Upper East Side,10075
Bronx,Upper East Side,10128
Bronx,Upper West Side,10023
Bronx,Upper West Side,10024
Bronx,Upper West Side,10025
Bronx,Inwood and Washington Heights,10031
Bronx,Inwood and Washington Heights,10032
Bronx,Inwood and Washington Heights,10033
Bronx,Inwood and Washington Heights,10034
Bronx,Inwood and Washington Heights,10040
Bronx,Northeast Queens,11361
Bronx,Northeast Queens,11362
Bronx,Northeast Queens,11363
Bronx,Northeast Queens,11364
Bronx,North Queens,11354
Bronx,North Queens,11355
Bronx,North Queens,11356
Bronx,North Queens,11357
Bronx,North Queens,11358
Bronx,North Queens,11359
Bronx,North Queens,11360
Bronx,Central Queens,11365
Bronx,Central Queens,11366
Bronx,Central Queens,11367
Bronx,Jamaica,11412
Bronx,Jamaica,11423
Bronx,Jamaica,11432
Bronx,Jamaica,11433
Bronx,Jamaica,11434
Bronx,Jamaica,11435
Bronx,Jamaica,11436
Bronx,Northwest Queens,11101
Bronx,Northwest Queens,11102
Bronx,Northwest Queens,11103
Bronx,Northwest Queens,11104
Bronx,Northwest Queens,11105
Bronx,Northwest Queens,11106
Bronx,West Central Queens,11374
Bronx,West Central Queens,11375
Bronx,West Central Queens,11379
Bronx,West Central Queens,11385
Bronx,Rockaways,11691
Bronx,Rockaways,11692
Bronx,Rockaways,11693
Bronx,Rockaways,11694
Bronx,Rockaways,11695
Bronx,Rockaways,11697
Bronx,Southeast Queens,11004
Bronx,Southeast Queens,11005
Bronx,Southeast Queens,11411
Bronx,Southeast Queens,11413
Bronx,Southeast Queens,11422
Bronx,Southeast Queens,11426
Bronx,Southeast Queens,11427
Bronx,Southeast Queens,11428
Bronx,Southeast Queens,11429
Bronx,Southwest Queens,11414
Bronx,Southwest Queens,11415
Bronx,Southwest Queens,11416
Bronx,Southwest Queens,11417
Bronx,Southwest Queens,11418
Bronx,Southwest Queens,11419
Bronx,Southwest Queens,11420
Bronx,Southwest Queens,11421
Bronx,West Queens,11368
Bronx,West Queens,11369
Bronx,West Queens,11370
Bronx,West Queens,11372
Bronx,West Queens,11373
Bronx,West Queens,11377
Bronx,West Queens,11378
Bronx,Port Richmond,10302
Bronx,Port Richmond,10303
Bronx,Port Richmond,10310
Bronx,South Shore,10306
Bronx,South Shore,10307
Bronx,South Shore,10308
Bronx,South Shore,10309
Bronx,South Shore,10312
Bronx,Stapleton and St. George,10301
Bronx,Stapleton and St. George,10304
Bronx,Stapleton and St. George,10305
Bronx,Mid-Island,10314
